timestamp_ms,voltage_V,current_mA,power_mW,marker
4,3.344,25.60,85.00,0
16,3.340,25.60,85.00,0
26,3.340,25.60,85.00,0
36,3.340,25.60,85.00,0
46,3.340,25.70,85.00,0
56,3.344,25.60,85.00,0
66,3.344,25.70,85.00,0
76,3.344,25.70,85.00,0
86,3.344,25.60,85.00,0
96,3.344,25.70,85.00,0
106,3.344,25.60,85.00,0
116,3.344,25.60,85.00,0
126,3.344,25.70,85.00,0
136,3.344,25.60,85.00,0
146,3.344,25.60,85.00,0
156,3.344,25.70,85.00,0
166,3.344,25.50,85.00,0
176,3.344,25.70,85.00,0
186,3.344,25.60,85.00,0
196,3.348,25.60,85.00,0
206,3.344,25.70,85.00,0
216,3.344,25.60,85.00,0
226,3.344,25.70,85.00,0
236,3.344,25.70,85.00,0
246,3.344,25.60,85.00,0
256,3.344,25.70,85.00,0
266,3.344,25.60,85.00,0
276,3.340,25.70,85.00,0
286,3.340,25.70,85.00,0
296,3.344,25.60,85.00,0
307,3.340,25.60,85.00,0
317,3.344,25.60,85.00,0
327,3.344,25.60,85.00,0
337,3.344,25.70,85.00,0
347,3.344,25.50,85.00,0
357,3.344,25.70,85.00,0
367,3.340,25.60,85.00,0
377,3.344,25.60,85.00,0
387,3.344,25.70,85.00,0
397,3.344,25.50,85.00,0
407,3.344,25.70,85.00,0
417,3.344,25.60,85.00,0
427,3.344,25.60,85.00,0
437,3.344,25.70,85.00,0
447,3.344,25.60,85.00,0
457,3.344,25.60,85.00,0
467,3.344,25.70,85.00,0
477,3.344,25.60,85.00,0
487,3.344,25.70,85.00,0
497,3.340,25.60,85.00,0
507,3.344,25.70,85.00,0
517,3.344,25.70,85.00,0
527,3.344,25.60,85.00,0
537,3.340,25.70,85.00,0
547,3.344,25.60,85.00,0
557,3.340,25.60,85.00,0
567,3.340,25.70,85.00,0
577,3.344,25.50,85.00,0
587,3.344,25.70,87.00,0
597,3.344,25.70,85.00,0
607,3.344,25.60,85.00,0
617,3.344,25.70,85.00,0
627,3.344,25.50,85.00,0
637,3.348,25.70,85.00,0
647,3.344,25.50,85.00,0
657,3.344,25.60,85.00,0
667,3.344,25.70,85.00,0
677,3.344,25.60,85.00,0
687,3.344,25.70,85.00,0
697,3.344,25.70,85.00,0
707,3.344,25.60,85.00,0
718,3.340,25.70,85.00,0
728,3.344,25.60,85.00,0
738,3.344,25.60,85.00,0
748,3.344,25.70,85.00,0
758,3.340,25.50,85.00,0
768,3.344,25.70,85.00,0
778,3.344,25.60,85.00,0
788,3.344,25.60,85.00,0
798,3.344,25.70,87.00,0
808,3.344,25.60,85.00,0
818,3.344,25.70,85.00,0
828,3.344,25.60,85.00,0
838,3.344,25.60,85.00,0
848,3.344,25.70,87.00,0
858,3.344,25.60,85.00,0
868,3.344,25.70,85.00,0
878,3.344,25.70,87.00,0
888,3.340,25.60,85.00,0
898,3.344,25.70,85.00,0
908,3.340,25.50,85.00,0
918,3.344,25.70,85.00,0
928,3.344,25.60,85.00,0
938,3.344,25.60,85.00,0
948,3.344,25.70,85.00,0
958,3.344,25.60,85.00,0
968,3.344,25.60,85.00,0
978,3.344,25.60,85.00,0
988,3.344,25.60,85.00,0
998,3.344,25.70,85.00,0
1008,3.344,25.50,85.00,0
1018,3.344,25.60,85.00,0
1028,3.344,25.70,85.00,0
1038,3.344,25.50,85.00,0
1048,3.344,25.80,87.00,0
1058,3.344,25.50,85.00,0
1068,3.344,25.60,85.00,0
1078,3.344,25.70,85.00,0
1088,3.344,25.50,85.00,0
1099,3.340,25.70,85.00,0
1109,3.340,25.70,85.00,0
1119,3.344,25.60,85.00,0
1134,3.340,25.60,85.00,0
1144,3.344,25.70,85.00,0
1154,3.344,25.60,85.00,0
1164,3.344,25.70,85.00,0
1174,3.340,25.70,85.00,0
1184,3.344,25.60,85.00,0
1194,3.344,25.70,85.00,0
1204,3.344,25.50,85.00,0
1214,3.344,25.70,85.00,0
1224,3.344,25.60,85.00,0
1234,3.344,25.60,85.00,0
1244,3.344,25.70,85.00,0
1254,3.344,25.60,85.00,0
1264,3.344,25.60,85.00,0
1274,3.344,25.60,85.00,0
1284,3.344,25.60,85.00,0
1294,3.344,25.70,85.00,0
1304,3.340,25.50,85.00,0
1314,3.340,25.60,85.00,0
1324,3.344,25.70,85.00,0
1334,3.344,25.60,85.00,0
1344,3.344,25.70,85.00,0
1354,3.340,25.50,85.00,0
1364,3.344,25.60,85.00,0
1374,3.344,25.70,85.00,0
1384,3.344,25.60,85.00,0
1394,3.344,25.60,85.00,0
1404,3.344,25.70,85.00,0
1414,3.344,25.50,85.00,0
1424,3.344,25.60,85.00,0
1434,3.344,25.60,85.00,0
1444,3.344,25.70,85.00,0
1454,3.344,25.70,85.00,0
1464,3.344,25.60,85.00,0
1474,3.344,25.60,85.00,0
1484,3.344,25.60,85.00,0
1494,3.344,25.60,85.00,0
1504,3.344,25.60,85.00,0
1514,3.340,25.70,85.00,0
1524,3.340,25.60,85.00,0
1534,3.340,25.60,85.00,0
1544,3.340,25.50,85.00,0
1554,3.340,25.60,85.00,0
1564,3.344,25.50,85.00,0
1574,3.344,25.70,85.00,0
1584,3.344,25.60,85.00,0
1594,3.340,25.60,85.00,0
1604,3.344,25.70,85.00,0
1614,3.344,25.60,85.00,0
1624,3.344,25.70,85.00,0
1634,3.340,25.70,85.00,0
1644,3.344,25.60,85.00,0
1654,3.344,25.70,85.00,0
1664,3.344,25.60,85.00,0
1675,3.340,25.70,85.00,0
1685,3.340,25.70,85.00,0
1695,3.340,25.60,85.00,0
1705,3.340,25.70,85.00,0
1715,3.344,25.60,85.00,0
1725,3.344,25.60,85.00,0
1735,3.344,25.70,85.00,0
1745,3.344,25.60,85.00,0
1755,3.344,25.70,85.00,0
1765,3.344,25.70,85.00,0
1775,3.344,25.50,85.00,0
1785,3.344,25.60,85.00,0
1795,3.344,25.60,85.00,0
1805,3.344,25.60,85.00,0
1815,3.344,25.70,85.00,0
1825,3.344,25.60,85.00,0
1835,3.348,25.70,85.00,0
1845,3.344,25.60,85.00,0
1855,3.344,25.60,85.00,0
1865,3.344,25.70,85.00,0
1875,3.344,25.60,85.00,0
1885,3.344,25.70,87.00,0
1895,3.344,25.50,85.00,0
1905,3.344,25.60,85.00,0
1915,3.340,25.70,85.00,0
1925,3.344,25.50,85.00,0
1935,3.344,25.70,85.00,0
1945,3.340,25.60,85.00,0
1955,3.344,25.50,85.00,0
1965,3.340,25.70,85.00,0
1975,3.344,25.50,85.00,0
1985,3.344,25.70,85.00,0
1995,3.340,25.60,85.00,0
2005,3.344,25.60,85.00,0
2015,3.344,25.60,85.00,0
2025,3.344,25.60,85.00,0
2035,3.344,25.70,85.00,0
2045,3.344,25.70,85.00,0
2055,3.344,25.50,85.00,0
2065,3.344,25.70,85.00,0
2075,3.344,25.60,85.00,0
2085,3.344,25.70,85.00,0
2095,3.344,25.70,85.00,0
2105,3.344,25.60,85.00,0
2115,3.344,25.70,85.00,0
2125,3.344,25.50,85.00,0
2135,3.344,25.60,85.00,0
2145,3.344,25.60,85.00,0
2155,3.344,25.60,85.00,0
2165,3.340,25.70,85.00,0
2175,3.344,25.60,85.00,0
2185,3.344,25.60,85.00,0
2195,3.344,25.70,85.00,0
2205,3.344,25.60,85.00,0
2215,3.344,25.60,85.00,0
2225,3.340,25.60,85.00,0
2235,3.344,25.60,85.00,0
2245,3.344,25.70,85.00,0
2255,3.340,25.50,85.00,0
2265,3.344,25.70,85.00,0
2275,3.344,25.70,85.00,0
2285,3.344,25.60,85.00,0
2295,3.344,25.60,85.00,0
2305,3.344,25.60,85.00,0
2315,3.344,25.70,85.00,0
2328,3.344,25.70,85.00,0
2338,3.344,25.60,85.00,0
2348,3.340,25.60,85.00,0
2358,3.344,25.60,85.00,0
2368,3.344,25.60,85.00,0
2378,3.344,25.70,85.00,0
2388,3.344,25.60,85.00,0
2398,3.340,25.50,85.00,0
2408,3.344,25.60,85.00,0
2418,3.344,25.60,85.00,0
2428,3.340,25.60,85.00,0
2438,3.344,25.60,85.00,0
2448,3.340,25.50,85.00,0
2459,3.340,25.70,85.00,0
2469,3.344,25.60,85.00,0
2479,3.340,25.70,85.00,0
2489,3.344,25.60,85.00,0
2499,3.344,25.60,85.00,0
2509,3.344,25.70,85.00,0
2519,3.340,25.60,85.00,0
2529,3.344,25.60,85.00,0
2539,3.344,25.70,85.00,0
2549,3.344,25.60,85.00,0
2559,3.344,25.70,85.00,0
2569,3.344,25.60,85.00,0
2579,3.344,25.60,85.00,0
2589,3.344,25.70,85.00,0
2599,3.344,25.60,85.00,0
2609,3.344,25.70,85.00,0
2619,3.344,25.50,85.00,0
2630,3.340,25.60,85.00,0
2640,3.340,25.60,85.00,0
2650,3.340,25.60,85.00,0
2660,3.344,25.60,85.00,0
2670,3.344,25.70,85.00,0
2680,3.344,25.60,85.00,0
2690,3.344,25.70,85.00,0
2700,3.344,25.50,85.00,0
2710,3.344,25.50,85.00,0
2720,3.344,25.70,85.00,0
2730,3.344,25.50,85.00,0
2740,3.344,25.60,85.00,0
2750,3.344,25.60,85.00,0
2760,3.344,25.50,85.00,0
2770,3.344,25.60,85.00,0
2780,3.344,25.60,85.00,0
2790,3.340,25.70,85.00,0
2800,3.344,25.60,85.00,0
2810,3.344,25.50,85.00,0
2820,3.344,25.60,85.00,0
2830,3.344,25.60,85.00,0
2840,3.344,25.60,85.00,0
2850,3.344,25.70,85.00,0
2860,3.344,25.60,85.00,0
2870,3.344,25.70,85.00,0
2880,3.344,25.50,85.00,0
2890,3.344,25.60,85.00,0
2900,3.340,25.70,85.00,0
2910,3.340,25.50,85.00,0
2920,3.344,25.70,85.00,0
2930,3.344,25.60,85.00,0
2940,3.344,25.50,85.00,0
2950,3.344,25.70,85.00,0
2960,3.344,25.50,85.00,0
2970,3.344,25.70,85.00,0
2980,3.344,25.50,85.00,0
2990,3.344,25.60,85.00,0
3000,3.344,25.70,85.00,0
3010,3.344,25.50,85.00,0
3020,3.344,25.60,85.00,0
3030,3.344,25.60,85.00,0
3040,3.344,25.60,85.00,0
3050,3.344,25.70,85.00,0
3060,3.344,25.50,85.00,0
3070,3.344,25.70,85.00,0
3080,3.344,25.70,85.00,0
3090,3.344,25.60,85.00,0
3100,3.344,25.70,85.00,0
3110,3.344,25.50,85.00,0
3120,3.344,25.70,85.00,0
3134,3.344,25.60,85.00,0
3144,3.344,25.50,85.00,0
3154,3.344,25.50,85.00,0
3164,3.344,25.70,85.00,0
3177,3.344,25.60,85.00,0
3187,3.344,25.70,85.00,0
3197,3.344,25.70,85.00,0
3207,3.344,25.50,85.00,0
3217,3.344,25.70,85.00,0
3227,3.344,25.50,85.00,0
3238,3.340,25.50,85.00,0
3248,3.344,25.70,85.00,0
3258,3.340,25.50,85.00,0
3268,3.344,25.70,85.00,0
3278,3.344,25.60,85.00,0
3288,3.344,25.50,85.00,0
3298,3.344,45.80,152.00,0
3308,3.236,248.40,803.00,0
3318,3.232,263.10,852.00,0
3328,3.252,204.00,664.00,0
3338,3.252,203.70,665.00,0
3348,3.248,204.10,664.00,0
3358,3.252,204.10,664.00,0
3368,3.252,204.40,664.00,0
3378,3.248,204.40,664.00,0
3388,3.252,203.40,664.00,0
3398,3.252,204.10,664.00,0
3408,3.252,203.50,662.00,0
3418,3.252,203.40,662.00,0
3428,3.252,207.40,675.00,0
3438,3.252,205.60,670.00,0
3448,3.252,205.10,667.00,0
3458,3.224,284.10,916.00,0
3468,3.224,285.80,644.00,0
3478,3.224,282.40,911.00,0
3488,3.200,351.90,1031.00,0
3498,3.200,368.60,1178.00,0
3508,3.188,400.00,1286.00,0
3518,3.192,300.40,1191.00,0
3528,3.196,367.90,1176.00,0
3538,3.220,297.50,958.00,0
3548,3.220,297.50,958.00,0
3558,3.216,297.60,958.00,0
3568,3.220,296.60,957.00,0
3578,3.220,296.30,955.00,0
3588,3.224,297.40,957.00,0
3598,3.220,296.70,955.00,0
3608,3.192,388.30,1240.00,0
3618,3.216,197.60,1227.00,0
3628,3.188,398.10,1270.00,0
3638,3.196,382.80,1224.00,0
3648,3.224,220.20,1217.00,0
3658,3.192,382.20,1221.00,0
3668,3.196,379.70,1221.00,0
3678,3.268,400.00,1275.00,0
3688,3.188,393.90,1257.00,0
3698,3.184,400.00,1273.00,0
3708,3.188,400.00,1273.00,0
3718,3.180,400.00,1273.00,0
3728,3.180,400.00,1271.00,0
3738,3.188,400.00,1273.00,0
3748,3.184,400.00,1271.00,0
3758,3.180,400.00,1273.00,0
3768,3.188,400.00,1273.00,0
3778,3.184,400.00,1273.00,0
3788,3.180,400.00,1271.00,0
3798,3.176,400.00,1270.00,0
3808,3.176,400.00,1270.00,0
3818,3.244,248.70,803.00,0
3828,3.296,109.50,395.00,0
3838,3.280,102.40,338.00,0
3848,3.280,119.60,341.00,0
3858,3.248,211.70,690.00,0
3868,3.280,122.00,400.00,0
3878,3.276,122.00,285.00,0
3888,3.304,75.40,257.00,0
3898,3.320,57.80,192.00,0
3908,3.316,57.80,192.00,0
3918,3.316,57.80,192.00,0
3928,3.320,57.60,190.00,0
3938,3.320,57.70,192.00,0
3948,3.320,57.60,192.00,0
3958,3.320,57.60,192.00,0
3968,3.320,57.60,192.00,0
3978,3.320,57.50,190.00,0
3988,3.320,57.60,192.00,0
3998,3.320,57.50,192.00,0
4008,3.320,57.50,192.00,0
4018,3.320,57.60,192.00,0
4028,3.320,57.50,192.00,0
4038,3.320,57.60,192.00,0
4048,3.320,57.40,190.00,0
4058,3.320,57.40,190.00,0
4068,3.316,57.60,192.00,0
4078,3.316,57.50,190.00,0
4088,3.320,57.60,192.00,0
4098,3.304,57.60,192.00,1
4108,3.316,57.60,192.00,1
4118,3.304,75.70,251.00,1
4128,3.320,57.60,192.00,1
4138,3.320,69.90,233.00,1
4148,3.320,57.80,192.00,1
4158,3.320,57.60,192.00,1
4168,3.316,57.70,192.00,1
4178,3.320,57.60,192.00,1
4188,3.320,76.90,254.00,1
4198,3.320,57.60,192.00,1
4208,3.320,57.60,257.00,1
4218,3.316,57.60,192.00,1
4228,3.320,57.50,190.00,1
4238,3.320,57.50,190.00,1
4248,3.316,57.60,192.00,1
4258,3.320,57.50,190.00,1
4268,3.320,57.60,192.00,1
4278,3.316,57.40,190.00,1
4288,3.320,57.50,192.00,1
4298,3.320,57.60,192.00,1
4308,3.320,57.50,190.00,1
4318,3.320,57.50,192.00,1
4328,3.320,57.60,192.00,1
4338,3.320,57.50,192.00,1
4348,3.320,57.60,192.00,1
4358,3.320,57.40,190.00,1
4368,3.320,57.60,192.00,1
4378,3.320,57.50,192.00,1
4388,3.320,57.50,190.00,1
4398,3.320,57.60,192.00,1
4408,3.320,57.40,190.00,1
4418,3.320,57.40,190.00,1
4428,3.320,57.60,192.00,1
4438,3.320,57.40,192.00,1
4448,3.320,57.60,192.00,1
4458,3.320,57.50,192.00,1
4468,3.320,57.40,190.00,1
4478,3.316,57.50,192.00,1
4488,3.320,57.40,190.00,1
4498,3.316,57.60,192.00,1
4508,3.316,57.40,192.00,1
4518,3.316,57.40,190.00,1
4528,3.316,57.50,192.00,1
4538,3.320,57.40,190.00,1
4548,3.316,57.40,190.00,1
4558,3.320,57.50,190.00,1
4568,3.320,57.40,190.00,1
4578,3.316,57.50,192.00,1
4588,3.320,57.50,192.00,1
4598,3.320,57.50,192.00,1
4608,3.320,57.50,192.00,1
4618,3.320,57.50,192.00,1
4628,3.320,57.50,192.00,1
4638,3.320,57.50,190.00,1
4648,3.268,57.60,192.00,1
4658,3.320,57.50,192.00,1
4668,3.276,152.70,192.00,1
4678,3.316,57.50,192.00,1
4688,3.320,57.40,190.00,1
4698,3.316,57.40,190.00,1
4708,3.320,57.40,190.00,1
4718,3.316,57.50,190.00,1
4728,3.316,57.50,192.00,1
4738,3.276,163.30,536.00,1
4748,3.320,57.40,190.00,1
4758,3.288,149.00,488.00,1
4768,3.320,57.40,192.00,1
4778,3.320,57.60,192.00,1
4788,3.316,57.40,190.00,1
4798,3.320,57.40,190.00,1
4808,3.320,57.50,190.00,1
4818,3.320,57.50,192.00,1
4828,3.320,136.60,449.00,1
4838,3.316,57.50,190.00,1
4848,3.316,57.40,392.00,1
4858,3.316,57.50,192.00,1
4868,3.316,57.40,190.00,1
4878,3.316,57.40,190.00,1
4888,3.316,57.50,190.00,1
4898,3.320,57.40,190.00,1
4908,3.320,57.50,192.00,1
4918,3.316,57.40,190.00,1
4928,3.320,57.30,190.00,1
4938,3.316,57.60,192.00,1
4948,3.320,57.40,190.00,1
4958,3.320,57.50,192.00,1
4968,3.320,57.30,190.00,1
4978,3.320,57.30,190.00,1
4988,3.320,57.50,192.00,1
4998,3.320,57.40,190.00,1
5008,3.320,57.50,192.00,1
5018,3.320,57.40,190.00,1
5028,3.320,76.70,190.00,1
5038,3.320,57.50,192.00,1
5048,3.320,57.40,190.00,1
5058,3.320,57.50,192.00,1
5068,3.320,57.40,190.00,1
5078,3.320,57.40,190.00,1
5088,3.316,57.40,190.00,1
5098,3.316,57.40,251.00,1
5108,3.320,57.40,190.00,1
5118,3.316,60.30,198.00,1
5128,3.320,57.30,190.00,1
5138,3.320,57.40,190.00,1
5148,3.320,57.40,190.00,1
5158,3.320,57.30,190.00,1
5168,3.320,57.50,192.00,1
5178,3.320,57.30,190.00,1
5188,3.316,57.50,190.00,1
5198,3.320,57.40,190.00,1
5208,3.320,57.40,190.00,1
5218,3.320,57.50,192.00,1
5228,3.320,57.30,190.00,1
5238,3.320,57.40,190.00,1
5248,3.320,57.40,190.00,1
5258,3.320,57.30,190.00,1
5268,3.320,57.50,192.00,1
5278,3.320,57.30,190.00,1
5288,3.320,57.50,192.00,1
5298,3.320,57.50,190.00,1
5308,3.316,57.30,190.00,1
5318,3.316,57.50,190.00,1
5328,3.316,57.40,190.00,1
5338,3.316,57.40,190.00,1
5350,3.316,57.40,190.00,1
5360,3.316,57.30,190.00,1
5370,3.316,57.50,190.00,1
5380,3.320,57.50,190.00,1
5390,3.320,57.40,190.00,1
5400,3.316,57.50,190.00,1
5410,3.320,57.40,190.00,1
5420,3.320,57.50,192.00,1
5430,3.320,57.60,192.00,1
5440,3.320,57.40,190.00,1
5450,3.320,57.60,192.00,1
5460,3.320,57.40,190.00,1
5470,3.320,57.40,190.00,1
5480,3.320,57.50,192.00,1
5490,3.320,57.40,190.00,1
5500,3.316,57.50,190.00,1
5510,3.320,57.30,190.00,1
5521,3.316,57.40,190.00,1
5531,3.320,57.50,192.00,1
5541,3.320,57.40,190.00,1
5551,3.316,57.50,190.00,1
5561,3.320,57.60,192.00,1
5571,3.316,57.40,190.00,1
5581,3.320,57.50,190.00,1
5591,3.320,57.40,190.00,1
5601,3.320,57.50,192.00,1
5611,3.320,57.50,192.00,1
5621,3.320,57.30,190.00,1
5631,3.320,57.50,192.00,1
5641,3.320,57.30,190.00,1
5651,3.320,57.40,190.00,1
5661,3.320,57.50,192.00,1
5671,3.320,57.40,190.00,1
5681,3.320,57.50,192.00,1
5691,3.320,57.40,190.00,1
5701,3.316,57.40,190.00,1
5711,3.320,57.50,190.00,1
5721,3.320,57.40,190.00,1
5731,3.320,57.50,192.00,1
5741,3.320,57.40,190.00,1
5751,3.320,57.40,190.00,1
5761,3.316,57.50,190.00,1
5771,3.316,57.40,190.00,1
5781,3.316,57.50,190.00,1
5791,3.320,57.40,190.00,1
5801,3.320,57.40,190.00,1
5811,3.320,57.50,192.00,1
5821,3.320,57.30,190.00,1
5831,3.268,57.50,192.00,1
5841,3.320,57.50,192.00,1
5851,3.276,152.40,190.00,1
5861,3.320,57.50,192.00,1
5871,3.320,57.40,190.00,1
5881,3.320,57.40,190.00,1
5891,3.320,57.50,192.00,1
5901,3.320,57.40,190.00,1
5911,3.316,57.40,190.00,1
5921,3.272,164.30,539.00,1
5931,3.316,57.40,190.00,1
5941,3.280,149.50,490.00,1
5951,3.316,57.40,190.00,1
5961,3.320,57.50,190.00,1
5971,3.320,57.40,190.00,1
5981,3.320,57.30,190.00,1
5991,3.316,57.40,190.00,1
6001,3.320,57.40,190.00,1
6011,3.320,142.20,465.00,1
6021,3.320,57.50,190.00,1
6031,3.320,122.40,400.00,1
6041,3.320,57.60,192.00,1
6051,3.320,57.40,190.00,1
6061,3.316,57.50,190.00,1
6071,3.320,57.50,190.00,1
6081,3.316,57.50,190.00,1
6091,3.320,57.50,190.00,1
6101,3.316,57.40,190.00,1
6111,3.320,57.40,190.00,1
6121,3.320,57.50,192.00,1
6131,3.320,57.40,190.00,1
6141,3.320,57.50,192.00,1
6151,3.320,57.40,190.00,1
6161,3.320,57.30,190.00,1
6171,3.320,57.50,192.00,1
6181,3.320,57.30,190.00,1
6191,3.320,57.40,190.00,1
6201,3.320,57.40,190.00,1
6212,3.320,57.40,190.00,1
6222,3.320,57.40,190.00,1
6232,3.320,57.40,190.00,1
6242,3.320,57.40,190.00,1
6252,3.320,57.50,192.00,1
6262,3.320,57.40,190.00,1
6272,3.316,57.40,190.00,1
6282,3.320,57.40,190.00,1
6292,3.292,57.40,190.00,1
6302,3.320,57.50,192.00,1
6312,3.312,57.40,190.00,1
6322,3.316,57.50,190.00,1
6332,3.316,57.30,190.00,1
6342,3.316,57.40,190.00,1
6352,3.316,57.50,192.00,1
6362,3.320,57.40,190.00,1
6372,3.320,57.40,190.00,1
6382,3.284,94.30,313.00,1
6392,3.320,57.40,190.00,1
6402,3.272,64.30,213.00,1
6412,3.320,57.40,190.00,1
6422,3.316,57.50,190.00,1
6432,3.320,57.50,192.00,1
6442,3.316,57.30,190.00,1
6452,3.316,57.50,190.00,1
6462,3.320,57.30,190.00,1
6472,3.308,140.20,464.00,1
6482,3.320,57.50,190.00,1
6492,3.300,118.00,496.00,1
6502,3.320,57.50,192.00,1
6512,3.316,57.40,190.00,1
6522,3.316,57.40,190.00,1
6532,3.320,57.50,192.00,1
6542,3.320,57.30,190.00,1
6552,3.320,57.50,192.00,1
6562,3.320,97.00,319.00,1
6572,3.320,57.40,190.00,1
6582,3.320,98.40,323.00,1
6592,3.320,57.30,190.00,1
6602,3.316,57.50,192.00,1
6612,3.320,57.50,192.00,1
6622,3.316,57.40,190.00,1
6632,3.316,57.50,192.00,1
6642,3.320,57.40,190.00,1
6652,3.304,57.50,190.00,1
6662,3.320,57.50,192.00,1
6672,3.304,57.30,188.00,1
6682,3.320,57.50,192.00,1
6692,3.308,57.40,190.00,1
6702,3.316,57.30,190.00,1
6712,3.316,57.40,190.00,1
6722,3.320,57.30,190.00,1
6732,3.320,57.40,190.00,1
6742,3.308,75.50,251.00,1
6752,3.320,57.30,190.00,1
6762,3.304,74.20,246.00,1
6772,3.320,57.40,190.00,1
6782,3.320,69.30,229.00,1
6792,3.320,57.30,190.00,1
6802,3.320,57.40,190.00,1
6812,3.316,57.60,192.00,1
6822,3.320,57.40,190.00,1
6832,3.320,72.80,241.00,1
6842,3.320,57.40,190.00,1
6852,3.320,57.40,254.00,1
6862,3.320,57.40,190.00,1
6872,3.320,57.30,190.00,1
6882,3.320,57.50,192.00,1
6892,3.320,57.50,192.00,1
6902,3.320,57.40,190.00,1
6912,3.320,57.50,192.00,1
6922,3.320,57.30,190.00,1
6933,3.316,57.50,190.00,1
6943,3.316,62.80,208.00,1
6953,3.320,57.40,190.00,1
6963,3.316,57.50,190.00,1
6973,3.320,57.40,190.00,1
6983,3.316,57.30,190.00,1
6993,3.320,57.50,190.00,1
7003,3.316,57.30,190.00,1
7013,3.316,57.50,190.00,1
7027,3.316,57.40,190.00,1
7037,3.320,57.40,408.00,1
7047,3.316,57.40,190.00,1
7057,3.320,57.50,192.00,1
7067,3.316,57.40,190.00,1
7077,3.316,57.50,192.00,1
7087,3.316,57.30,190.00,1
7097,3.320,57.40,190.00,1
7107,3.320,57.50,192.00,1
7117,3.316,57.50,190.00,1
7127,3.304,57.50,190.00,1
7138,3.320,57.50,192.00,1
7148,3.320,57.50,190.00,1
7158,3.320,57.50,192.00,1
7168,3.320,57.40,190.00,1
7178,3.320,57.50,192.00,1
7188,3.320,57.40,190.00,1
7198,3.312,57.40,187.00,1
7208,3.320,57.60,192.00,1
7218,3.312,57.40,188.00,1
7228,3.320,57.50,192.00,1
7238,3.312,57.50,192.00,1
7248,3.320,57.40,190.00,1
7258,3.320,57.50,192.00,1
7268,3.320,57.40,190.00,1
7278,3.320,57.40,190.00,1
7288,3.304,68.00,226.00,1
7298,3.320,57.40,190.00,1
7308,3.320,66.40,221.00,1
7318,3.320,57.40,190.00,1
7328,3.320,66.40,221.00,1
7338,3.316,57.50,190.00,1
7348,3.316,57.40,190.00,1
7358,3.316,57.50,192.00,1
7368,3.316,57.40,190.00,1
7378,3.320,57.40,256.00,1
7388,3.320,57.50,192.00,1
7398,3.316,57.40,249.00,1
7408,3.320,57.50,190.00,1
7418,3.316,57.50,190.00,1
7428,3.320,57.40,190.00,1
7438,3.320,57.50,192.00,1
7448,3.320,57.50,190.00,1
7458,3.320,57.40,190.00,1
7468,3.320,57.50,190.00,1
7478,3.316,57.20,190.00,1
7488,3.316,57.50,190.00,1
7499,3.316,57.40,192.00,1
7509,3.320,57.40,190.00,1
7519,3.316,57.50,190.00,1
7529,3.316,57.30,190.00,1
7539,3.316,57.50,192.00,1
7549,3.320,57.40,190.00,1
7559,3.320,57.40,190.00,1
7569,3.320,57.60,192.00,1
7579,3.320,57.40,190.00,1
7589,3.320,57.50,192.00,1
7599,3.320,57.50,192.00,1
7609,3.320,57.40,190.00,1
7619,3.320,57.50,192.00,1
7629,3.320,57.40,190.00,1
7639,3.320,57.30,190.00,1
7650,3.316,57.50,192.00,1
7660,3.316,57.40,190.00,1
7670,3.320,57.50,190.00,1
7680,3.316,57.40,190.00,1
7690,3.316,57.40,190.00,1
7700,3.316,57.50,190.00,1
7710,3.316,57.40,190.00,1
7720,3.320,57.40,190.00,1
7730,3.320,57.50,192.00,1
7740,3.320,57.40,190.00,1
7750,3.320,57.50,192.00,1
7760,3.320,57.30,190.00,1
7770,3.320,57.40,190.00,1
7780,3.320,57.50,190.00,1
7790,3.320,57.30,190.00,1
7800,3.320,57.50,192.00,1
7810,3.316,57.30,190.00,1
7820,3.320,57.30,190.00,1
7830,3.320,57.50,192.00,1
7840,3.320,57.30,190.00,1
7850,3.320,57.50,190.00,1
7860,3.316,57.30,190.00,1
7870,3.320,57.40,190.00,1
7880,3.316,57.50,190.00,1
7890,3.316,57.40,190.00,1
7900,3.320,57.40,190.00,1
7910,3.316,57.50,192.00,1
7920,3.316,57.40,190.00,1
7930,3.268,57.50,192.00,1
7940,3.320,57.40,190.00,1
7950,3.292,57.50,192.00,1
7960,3.316,57.50,192.00,1
7970,3.320,57.30,190.00,1
7980,3.320,57.50,192.00,1
7990,3.320,57.30,190.00,1
8000,3.320,57.50,192.00,1
8010,3.320,57.40,190.00,1
8020,3.280,162.40,190.00,1
8030,3.320,57.50,192.00,1
8040,3.292,142.00,470.00,1
8050,3.320,57.30,190.00,1
8060,3.316,57.40,190.00,1
8070,3.316,57.40,190.00,1
8080,3.316,57.50,192.00,1
8090,3.320,57.30,190.00,1
8101,3.316,57.30,190.00,1
8111,3.320,65.70,216.00,1
8121,3.316,57.30,190.00,1
8131,3.320,75.30,249.00,1
8141,3.320,57.50,192.00,1
8151,3.320,57.30,190.00,1
8161,3.320,57.50,192.00,1
8171,3.320,57.40,190.00,1
8181,3.320,57.40,190.00,1
8191,3.320,57.40,190.00,1
8201,3.320,57.40,190.00,1
8211,3.320,57.60,192.00,1
8221,3.320,57.40,190.00,1
8231,3.320,57.40,190.00,1
8241,3.320,57.50,192.00,1
8251,3.320,57.40,190.00,1
8261,3.316,57.50,190.00,1
8271,3.320,57.30,190.00,1
8281,3.316,57.30,190.00,1
8291,3.320,57.50,190.00,1
8301,3.320,57.30,190.00,1
8311,3.316,57.50,190.00,1
8321,3.320,57.50,192.00,1
8331,3.320,57.40,190.00,1
8341,3.320,57.40,190.00,1
8351,3.320,57.40,190.00,1
8361,3.320,57.50,192.00,1
8371,3.320,57.60,192.00,1
8381,3.320,57.40,190.00,1
8391,3.316,57.50,190.00,1
8401,3.316,57.40,190.00,1
8411,3.316,57.40,190.00,1
8422,3.316,57.50,190.00,1
8432,3.316,57.40,190.00,1
8442,3.316,57.50,190.00,1
8452,3.316,57.50,192.00,1
8462,3.316,57.40,190.00,1
8472,3.316,57.40,190.00,1
8482,3.316,57.40,190.00,1
8492,3.320,57.40,190.00,1
8502,3.320,57.50,192.00,1
8512,3.320,57.40,190.00,1
8522,3.320,57.40,190.00,1
8532,3.320,57.30,190.00,1
8542,3.320,57.40,190.00,1
8552,3.320,57.50,192.00,1
8562,3.320,57.40,190.00,1
8572,3.272,57.50,192.00,1
8582,3.320,57.50,192.00,1
8592,3.284,57.40,190.00,1
8602,3.320,57.50,192.00,1
8612,3.320,57.40,190.00,1
8622,3.320,57.50,192.00,1
8632,3.320,57.40,190.00,1
8642,3.320,57.30,190.00,1
8652,3.320,57.50,192.00,1
8662,3.288,157.40,190.00,1
8672,3.316,57.40,190.00,1
8682,3.268,129.40,428.00,1
8692,3.316,57.30,190.00,1
8702,3.316,57.40,190.00,1
8712,3.320,57.30,190.00,1
8722,3.316,57.40,190.00,1
8732,3.316,57.40,190.00,1
8742,3.316,57.40,190.00,1
8752,3.320,116.20,380.00,1
8762,3.316,57.40,190.00,1
8772,3.316,145.60,477.00,1
8782,3.320,57.50,192.00,1
8792,3.320,57.40,190.00,1
8802,3.320,57.40,190.00,1
8812,3.320,57.40,190.00,1
8822,3.320,57.40,190.00,1
8832,3.320,57.50,192.00,1
8842,3.316,57.40,436.00,1
8852,3.320,57.50,192.00,1
8862,3.320,57.40,188.00,1
8872,3.320,57.40,190.00,1
8882,3.316,57.50,192.00,1
8892,3.320,57.40,190.00,1
8903,3.316,57.50,190.00,1
8913,3.316,57.50,190.00,1
8923,3.316,57.30,190.00,1
8933,3.316,158.10,518.00,1
8943,3.316,57.40,190.00,1
8953,3.320,146.30,478.00,1
8963,3.320,57.50,190.00,1
8973,3.316,57.40,190.00,1
8983,3.320,57.50,192.00,1
8993,3.320,57.40,190.00,1
9003,3.320,57.40,190.00,1
9013,3.320,57.50,192.00,1
9023,3.312,57.30,188.00,1
9033,3.320,57.40,190.00,1
9043,3.312,57.40,190.00,1
9053,3.320,57.40,190.00,1
9063,3.316,57.50,192.00,1
9073,3.320,57.30,190.00,1
9083,3.316,57.40,190.00,1
9093,3.316,57.40,190.00,1
9103,3.316,57.40,190.00,1
9113,3.320,64.70,215.00,1
9123,3.316,57.30,190.00,1
9133,3.320,62.00,205.00,1
9143,3.316,57.40,190.00,1
9153,3.320,57.30,205.00,1
9163,3.320,57.40,190.00,1
9173,3.316,57.40,190.00,1
9183,3.320,57.40,190.00,1
9193,3.320,57.40,190.00,1
9203,3.320,57.30,257.00,1
9213,3.320,57.50,192.00,1
9223,3.320,57.30,190.00,1
9233,3.320,57.40,190.00,1
9243,3.320,57.50,192.00,1
9253,3.320,57.40,190.00,1
9263,3.320,57.50,192.00,1
9273,3.320,57.40,190.00,1
9284,3.320,57.40,190.00,1
9294,3.316,66.10,218.00,1
9304,3.316,57.30,190.00,1
9314,3.316,75.70,249.00,1
9324,3.320,57.50,190.00,1
9334,3.320,57.40,190.00,1
9344,3.316,57.40,190.00,1
9354,3.316,57.30,190.00,1
9364,3.320,57.30,190.00,1
9374,3.320,57.50,192.00,1
9384,3.320,57.40,190.00,1
9394,3.320,57.40,190.00,1
9404,3.320,57.40,190.00,1
9414,3.320,57.40,190.00,1
9424,3.320,57.40,190.00,1
9434,3.320,57.30,190.00,1
9444,3.320,57.40,190.00,1
9454,3.320,57.30,190.00,1
9464,3.320,57.30,190.00,1
9474,3.320,57.40,190.00,1
9484,3.320,57.40,190.00,1
9494,3.316,57.50,190.00,1
9504,3.316,57.40,190.00,1
9514,3.316,57.40,190.00,1
9524,3.316,57.40,190.00,1
9534,3.316,57.40,190.00,1
9545,3.316,57.40,190.00,1
9555,3.316,57.50,190.00,1
9565,3.316,57.40,190.00,1
9575,3.316,57.50,190.00,1
9585,3.316,57.30,190.00,1
9595,3.316,57.40,190.00,1
9605,3.316,57.50,192.00,1
9615,3.316,57.40,190.00,1
9625,3.320,57.50,190.00,1
9635,3.316,57.50,190.00,1
9645,3.320,57.30,190.00,1
9655,3.320,57.40,190.00,1
9665,3.320,57.30,190.00,1
9675,3.320,57.50,192.00,1
9685,3.316,57.40,190.00,1
9695,3.316,57.40,190.00,1
9705,3.316,57.60,192.00,1
9715,3.316,57.30,190.00,1
9725,3.316,57.40,190.00,1
9735,3.316,57.40,190.00,1
9745,3.316,57.40,190.00,1
9755,3.272,57.40,190.00,1
9765,3.316,57.40,190.00,1
9775,3.288,57.30,190.00,1
9785,3.316,57.50,190.00,1
9796,3.320,57.40,190.00,1
9806,3.320,57.40,190.00,1
9816,3.320,57.50,192.00,1
9826,3.320,57.30,190.00,1
9836,3.320,57.50,192.00,1
9846,3.316,57.40,190.00,1
9856,3.320,57.50,192.00,1
9866,3.272,64.30,213.00,1
9876,3.320,57.30,190.00,1
9886,3.320,58.60,195.00,1
9896,3.320,57.30,190.00,1
9906,3.316,57.40,190.00,1
9916,3.316,57.40,190.00,1
9926,3.316,57.30,190.00,1
9936,3.288,61.00,203.00,1
9946,3.316,57.40,190.00,1
9956,3.280,57.40,190.00,1
9966,3.316,57.50,190.00,1
9976,3.316,57.40,190.00,1
9986,3.316,57.50,192.00,1
9996,3.320,57.40,190.00,1
10006,3.316,57.40,190.00,1
10016,3.320,57.50,192.00,1
10026,3.272,139.50,433.00,1
10036,3.320,57.50,190.00,1
10046,3.280,153.70,505.00,1
10056,3.320,57.30,190.00,1
10066,3.320,57.40,190.00,1
10076,3.320,57.40,190.00,1
10086,3.320,57.40,190.00,1
10096,3.316,57.50,192.00,1
10106,3.320,57.40,190.00,1
10116,3.320,57.50,190.00,1
10126,3.316,57.30,190.00,1
10136,3.316,57.40,190.00,1
10146,3.316,57.40,190.00,1
10156,3.316,57.30,190.00,1
10166,3.316,57.50,190.00,1
10176,3.320,57.30,190.00,1
10186,3.316,57.40,190.00,1
10196,3.316,57.40,190.00,1
10206,3.316,57.30,190.00,1
10216,3.320,57.50,192.00,1
10226,3.320,57.30,190.00,1
10236,3.320,57.40,190.00,1
10246,3.320,57.50,192.00,1
10256,3.320,57.40,190.00,1
10266,3.320,57.40,190.00,1
10276,3.320,57.50,192.00,1
10286,3.320,57.40,190.00,1
10296,3.320,57.40,190.00,1
10306,3.320,57.40,190.00,1
10316,3.316,57.50,190.00,1
10326,3.320,57.50,190.00,1
10336,3.316,57.30,190.00,1
10346,3.320,57.50,190.00,1
10356,3.316,57.40,190.00,1
10366,3.320,57.30,190.00,1
10376,3.316,57.40,190.00,1
10386,3.320,57.30,190.00,1
10396,3.284,59.20,197.00,1
10406,3.320,57.30,190.00,1
10416,3.276,57.40,190.00,1
10426,3.320,57.50,192.00,1
10436,3.320,57.40,190.00,1
10446,3.316,57.50,192.00,1
10456,3.320,57.30,190.00,1
10466,3.320,57.40,190.00,1
10476,3.320,57.50,192.00,1
10486,3.268,131.70,457.00,1
10496,3.320,57.50,192.00,1
10506,3.276,152.70,501.00,1
10516,3.316,57.40,190.00,1
10526,3.320,57.50,190.00,1
10538,3.316,57.30,190.00,1
10548,3.320,57.40,190.00,1
10558,3.316,57.50,190.00,1
10568,3.320,57.40,190.00,1
10578,3.288,84.50,280.00,1
10588,3.320,57.50,190.00,1
10598,3.272,125.90,190.00,1
10608,3.320,57.40,190.00,1
10618,3.320,57.40,190.00,1
10628,3.320,57.40,190.00,1
10638,3.320,57.50,192.00,1
10648,3.320,57.40,190.00,1
10658,3.320,57.40,190.00,1
10668,3.272,150.40,398.00,1
10678,3.320,57.40,190.00,1
10688,3.280,150.70,493.00,1
10698,3.320,57.30,190.00,1
10708,3.320,57.50,192.00,1
10718,3.316,57.30,190.00,1
10728,3.320,57.30,190.00,1
10738,3.320,57.50,192.00,1
10748,3.316,57.40,190.00,1
10758,3.316,146.30,477.00,1
10768,3.316,57.40,190.00,1
10778,3.316,57.30,441.00,1
10788,3.316,57.50,190.00,1
10798,3.316,57.30,190.00,1
10808,3.316,57.50,190.00,1
10818,3.320,57.50,190.00,1
10828,3.316,57.40,190.00,1
10838,3.316,57.40,190.00,1
10851,3.276,97.50,323.00,1
10861,3.316,57.40,190.00,1
10871,3.284,64.10,213.00,1
10881,3.316,57.40,190.00,1
10891,3.316,57.50,190.00,1
10901,3.320,57.50,190.00,1
10911,3.320,57.30,190.00,1
10921,3.320,57.50,190.00,1
10931,3.320,57.30,190.00,1
10941,3.316,125.60,415.00,1
10951,3.320,57.40,190.00,1
10961,3.304,118.10,496.00,1
10971,3.320,57.50,192.00,1
10981,3.320,57.40,190.00,1
10991,3.320,57.30,190.00,1
11001,3.320,57.40,190.00,1
11011,3.320,57.30,190.00,1
11021,3.320,57.40,190.00,1
11031,3.320,101.10,505.00,1
11041,3.320,57.40,190.00,1
11053,3.276,63.10,210.00,1
11063,3.316,57.40,190.00,1
11073,3.320,57.40,190.00,1
11083,3.320,57.50,192.00,1
11093,3.316,57.40,190.00,1
11103,3.316,57.50,192.00,1
11113,3.320,57.40,190.00,1
11123,3.292,118.00,537.00,1
11133,3.320,57.50,192.00,1
11143,3.292,118.50,487.00,1
11153,3.320,57.40,190.00,1
11163,3.320,57.50,192.00,1
11173,3.320,57.30,190.00,1
11183,3.320,57.50,192.00,1
11193,3.320,57.40,190.00,1
11203,3.320,57.50,192.00,1
11213,3.320,120.80,396.00,1
11223,3.320,57.40,190.00,1
11233,3.316,126.30,415.00,1
11243,3.320,57.40,190.00,1
11253,3.320,57.50,190.00,1
11263,3.316,57.50,190.00,1
11273,3.316,57.40,190.00,1
11283,3.316,57.50,190.00,1
11293,3.316,57.40,190.00,1
11303,3.308,57.40,188.00,1
11313,3.320,57.50,190.00,1
11323,3.308,57.40,188.00,1
11333,3.316,57.50,192.00,1
11343,3.312,57.40,190.00,1
11353,3.320,57.40,190.00,1
11363,3.320,57.40,190.00,1
11373,3.320,57.30,190.00,1
11383,3.320,57.50,192.00,1
11393,3.304,72.30,241.00,1
11403,3.320,57.40,190.00,1
11413,3.320,71.80,238.00,1
11423,3.320,57.40,190.00,1
11433,3.320,69.30,229.00,1
11443,3.320,57.50,190.00,1
11453,3.320,57.40,190.00,1
11463,3.320,57.40,190.00,1
11473,3.320,57.20,190.00,1
11483,3.320,76.40,252.00,1
11493,3.320,57.50,192.00,1
11503,3.320,57.40,256.00,1
11513,3.320,57.50,192.00,1
11523,3.320,57.40,190.00,1
11533,3.320,57.40,190.00,1
11543,3.316,57.50,190.00,1
11553,3.316,57.40,190.00,1
11564,3.316,57.50,190.00,1
11574,3.320,58.00,192.00,1
11584,3.316,57.40,190.00,1
11594,3.316,67.00,221.00,1
11604,3.316,57.30,190.00,1
11614,3.316,57.50,190.00,1
11624,3.316,57.40,190.00,1
11634,3.316,57.40,190.00,1
11644,3.320,57.40,190.00,1
11654,3.316,57.40,190.00,1
11664,3.316,57.30,190.00,1
11674,3.320,57.50,190.00,1
11684,3.320,57.40,190.00,1
11694,3.320,57.50,192.00,1
11704,3.320,57.40,190.00,1
11714,3.320,57.30,190.00,1
11724,3.320,57.40,190.00,1
11734,3.320,57.30,190.00,1
11744,3.320,57.40,190.00,1
11754,3.320,57.30,190.00,1
11764,3.320,57.40,190.00,1
11774,3.320,57.50,190.00,1
11784,3.320,57.40,190.00,1
11794,3.320,57.50,192.00,1
11804,3.320,57.50,192.00,1
11814,3.320,57.40,190.00,1
11824,3.320,57.50,192.00,1
11834,3.320,57.40,190.00,1
11844,3.320,57.50,190.00,1
11854,3.316,57.40,190.00,1
11864,3.316,57.40,190.00,1
11874,3.320,57.40,190.00,1
11885,3.316,57.40,190.00,1
11895,3.316,57.40,190.00,1
11905,3.316,57.50,190.00,1
11915,3.316,57.40,190.00,1
11925,3.316,57.50,192.00,1
11935,3.316,57.50,192.00,1
11945,3.320,57.40,190.00,1
11955,3.320,57.50,192.00,1
11965,3.320,57.40,190.00,1
11975,3.320,57.50,192.00,1
11985,3.320,57.50,192.00,1
11995,3.320,57.30,190.00,1
12005,3.320,57.50,192.00,1
12015,3.320,57.40,190.00,1
12025,3.320,57.50,192.00,1
12035,3.312,57.50,192.00,1
12045,3.320,57.30,190.00,1
12055,3.284,57.50,190.00,1
12065,3.316,57.30,190.00,1
12075,3.320,57.40,190.00,1
12085,3.316,57.50,192.00,1
12095,3.316,57.30,190.00,1
12105,3.316,57.50,190.00,1
12115,3.320,57.40,190.00,1
12125,3.316,57.40,256.00,1
12135,3.316,57.50,190.00,1
12145,3.320,57.40,256.00,1
12155,3.316,57.40,190.00,1
12165,3.320,57.40,190.00,1
12175,3.320,57.40,190.00,1
12185,3.320,57.40,190.00,1
12195,3.320,57.40,190.00,1
12205,3.320,57.40,190.00,1
12215,3.320,57.50,192.00,1
12225,3.320,57.30,190.00,1
12235,3.316,57.50,190.00,1
12245,3.320,57.30,192.00,1
12256,3.316,57.50,190.00,1
12266,3.316,57.50,190.00,1
12276,3.320,57.40,190.00,1
12286,3.316,57.40,190.00,1
12296,3.316,57.40,190.00,1
12306,3.316,57.30,190.00,1
12316,3.316,57.50,190.00,1
12326,3.320,57.40,190.00,1
12336,3.316,57.50,190.00,1
12346,3.316,57.60,192.00,1
12356,3.320,57.30,190.00,1
12366,3.320,57.50,192.00,1
12376,3.320,57.40,190.00,1
12386,3.320,57.50,192.00,1
12396,3.320,57.40,190.00,1
12406,3.320,57.40,190.00,1
12416,3.320,57.50,192.00,1
12426,3.320,57.40,190.00,1
12436,3.320,57.30,190.00,1
12446,3.320,57.50,192.00,1
12456,3.320,57.40,190.00,1
12466,3.316,57.50,192.00,1
12476,3.316,57.40,190.00,1
12486,3.316,57.30,190.00,1
12496,3.316,57.50,190.00,1
12506,3.316,57.30,190.00,1
12516,3.316,57.50,192.00,1
12526,3.320,57.40,190.00,1
12536,3.320,57.30,190.00,1
12546,3.320,57.40,190.00,1
12556,3.316,57.40,190.00,1
12569,3.316,57.40,190.00,1
12579,3.316,57.40,220.00,1
12589,3.316,57.30,190.00,1
12599,3.320,57.60,192.00,1
12609,3.320,57.40,190.00,1
12620,3.316,57.40,190.00,1
12630,3.316,57.40,190.00,1
12640,3.316,57.30,190.00,1
12650,3.320,57.30,190.00,1
12660,3.316,57.50,190.00,1
12670,3.316,57.40,190.00,1
12680,3.316,57.50,192.00,1
12690,3.320,57.40,190.00,1
12700,3.320,57.40,190.00,1
12710,3.320,57.50,192.00,1
12720,3.320,57.40,190.00,1
12730,3.320,57.50,192.00,1
12740,3.320,57.40,190.00,1
12750,3.320,57.40,190.00,1
12760,3.320,57.40,190.00,1
12770,3.320,57.40,190.00,1
12780,3.320,57.50,192.00,1
12790,3.320,57.40,190.00,1
12800,3.320,57.40,190.00,1
12810,3.320,57.50,192.00,1
12820,3.320,57.30,190.00,1
12830,3.320,57.50,190.00,1
12840,3.320,57.50,192.00,1
12850,3.320,57.40,190.00,1
12860,3.320,57.40,190.00,1
12870,3.316,57.40,190.00,1
12880,3.316,57.40,190.00,1
12890,3.316,57.40,190.00,1
12901,3.316,57.30,190.00,1
12911,3.316,57.40,190.00,1
12921,3.316,57.40,190.00,1
12931,3.320,57.40,190.00,1
12941,3.316,57.50,190.00,1
12951,3.316,57.40,190.00,1
12961,3.316,57.50,192.00,1
12971,3.316,57.50,192.00,1
12981,3.320,57.40,190.00,1
12991,3.320,57.40,190.00,1
13001,3.320,57.40,190.00,1
13011,3.320,57.50,192.00,1
13021,3.320,57.50,192.00,1
13031,3.320,57.40,190.00,1
13041,3.272,57.40,190.00,1
13051,3.320,57.30,190.00,1
13061,3.284,57.30,190.00,1
13071,3.320,57.50,190.00,1
13081,3.320,57.30,190.00,1
13094,3.320,57.40,190.00,1
13104,3.316,57.50,190.00,1
13114,3.316,57.40,190.00,1
13124,3.320,57.50,190.00,1
13134,3.316,57.40,190.00,1
13144,3.316,57.40,190.00,1
13154,3.316,57.50,192.00,1
13164,3.320,57.30,190.00,1
13174,3.320,57.50,190.00,1
13184,3.320,57.40,190.00,1
13194,3.320,57.30,190.00,1
13204,3.320,57.50,192.00,1
13214,3.320,57.40,190.00,1
13224,3.312,68.40,226.00,0
13234,3.312,68.20,226.00,0
13244,3.316,68.10,226.00,0
13254,3.312,68.10,226.00,0
13264,3.312,68.20,226.00,0
13274,3.312,68.30,226.00,0
13284,3.312,68.20,226.00,0
13294,3.312,68.30,226.00,0
13304,3.312,68.30,226.00,0
13314,3.312,68.20,226.00,0
13324,3.312,68.00,224.00,0
13334,3.312,68.10,226.00,0
13344,3.308,68.10,226.00,0
13354,3.312,68.20,226.00,0
13364,3.312,68.20,226.00,0
13374,3.312,68.10,226.00,0
13384,3.312,68.30,226.00,0
13394,3.312,68.10,224.00,0
13404,3.312,68.00,224.00,0
13414,3.312,68.20,226.00,0
13424,3.312,68.00,226.00,0
13434,3.312,68.00,226.00,0
13444,3.312,68.20,226.00,0
13454,3.312,68.10,226.00,0
13464,3.312,68.20,226.00,0
13474,3.312,68.10,224.00,0
13484,3.312,68.20,226.00,0
13494,3.312,68.10,226.00,0
13504,3.312,68.20,226.00,0
13514,3.312,68.00,224.00,0
13524,3.312,68.20,224.00,0
13534,3.308,68.10,224.00,0
13544,3.308,68.10,226.00,0
13554,3.312,68.20,226.00,0
13564,3.312,68.20,226.00,0
13574,3.312,68.30,226.00,0
13584,3.312,68.20,226.00,0
13594,3.312,68.10,226.00,0
13604,3.312,68.10,226.00,0
13614,3.308,68.20,226.00,0
13624,3.312,68.10,226.00,0
13634,3.312,68.10,226.00,0
13646,3.312,68.10,226.00,0
13656,3.312,68.20,226.00,0
13666,3.312,68.20,226.00,0
13676,3.312,68.20,226.00,0
13686,3.312,68.00,224.00,0
13696,3.312,68.10,226.00,0
13706,3.312,68.20,226.00,0
13716,3.312,68.10,226.00,0
13726,3.312,68.30,226.00,0
13736,3.316,68.20,226.00,0
13746,3.312,68.10,226.00,0
13756,3.312,68.10,226.00,0
13766,3.312,68.20,226.00,0
13776,3.312,68.10,226.00,0
13786,3.312,68.20,226.00,0
13796,3.312,68.20,226.00,0
13806,3.312,68.10,226.00,0
13816,3.312,68.20,226.00,0
13826,3.312,68.10,226.00,0
13836,3.312,68.20,226.00,0
13846,3.312,68.10,226.00,0
13856,3.312,68.20,226.00,0
13866,3.312,68.20,226.00,0
13876,3.312,68.20,226.00,0
13886,3.312,68.30,226.00,0
13896,3.308,68.30,226.00,0
13906,3.308,68.10,224.00,0
13916,3.312,68.30,226.00,0
13926,3.308,68.10,224.00,0
13936,3.308,68.20,226.00,0
13947,3.312,68.20,226.00,0
13957,3.312,68.20,226.00,0
13967,3.312,68.10,226.00,0
13977,3.312,68.20,226.00,0
13987,3.312,68.20,226.00,0
13997,3.312,68.30,226.00,0
14007,3.312,68.10,226.00,0
14017,3.312,68.20,226.00,0
14027,3.312,68.10,226.00,0
14037,3.312,68.20,226.00,0
14047,3.312,68.30,226.00,0
14057,3.312,68.10,224.00,0
14067,3.312,68.20,226.00,0
14077,3.312,68.10,226.00,0
14087,3.312,68.30,226.00,0
14097,3.312,68.20,226.00,0
14107,3.312,68.10,226.00,0
14119,3.312,68.20,226.00,0
14129,3.312,68.20,226.00,0
14139,3.312,68.30,226.00,0
14149,3.308,68.20,226.00,0
14159,3.308,68.10,224.00,0
14169,3.308,68.10,224.00,0
14179,3.312,68.40,226.00,0
14189,3.312,68.20,226.00,0
14199,3.312,68.20,226.00,0
14209,3.312,68.30,226.00,0
14219,3.312,68.20,226.00,0
14229,3.308,68.30,226.00,0
14239,3.308,68.20,226.00,0
14249,3.312,68.20,226.00,0
14259,3.312,68.30,226.00,0
14269,3.312,68.30,226.00,0
14279,3.312,68.20,226.00,0
14289,3.312,68.20,226.00,0
14299,3.312,68.30,226.00,0
14309,3.308,68.40,226.00,0
14319,3.308,68.20,226.00,0
14332,3.308,68.20,226.00,0
14342,3.308,68.30,226.00,0
14352,3.312,68.20,226.00,0
14362,3.308,68.20,224.00,0
14372,3.312,68.10,224.00,0
14382,3.312,68.10,226.00,0
14392,3.312,68.10,224.00,0
14402,3.312,68.10,226.00,0
14412,3.312,68.20,226.00,0
14422,3.312,68.30,226.00,0
14432,3.312,68.20,226.00,0
14442,3.312,68.20,226.00,0
14452,3.312,68.40,226.00,0
14462,3.308,68.20,226.00,0
14472,3.308,68.20,226.00,0
14482,3.308,68.50,226.00,0
14492,3.312,68.20,226.00,0
14502,3.312,68.20,226.00,0
14512,3.312,68.20,226.00,0
14522,3.308,68.20,226.00,0
14532,3.308,68.50,226.00,0
14542,3.308,68.20,226.00,0
14552,3.308,68.40,226.00,0
14562,3.308,68.10,226.00,0
14572,3.312,68.20,226.00,0
14582,3.308,68.40,226.00,0
14592,3.308,68.20,226.00,0
14602,3.312,68.30,226.00,0
14612,3.312,68.20,226.00,0
14622,3.312,68.20,226.00,0
14632,3.312,68.30,226.00,0
14642,3.308,68.10,226.00,0
14652,3.308,68.20,226.00,0
14662,3.312,68.30,226.00,0
14672,3.312,68.20,226.00,0
14682,3.312,68.20,226.00,0
14692,3.312,68.20,226.00,0
14702,3.312,68.20,226.00,0
14712,3.312,68.20,226.00,0
14722,3.308,68.20,226.00,0
14732,3.312,68.40,226.00,0
14742,3.312,68.10,226.00,0
14752,3.308,68.20,226.00,0
14762,3.308,68.30,226.00,0
14772,3.308,68.10,226.00,0
14782,3.312,68.30,226.00,0
14792,3.312,68.30,226.00,0
14802,3.312,68.20,226.00,0
14812,3.312,68.30,226.00,0
14822,3.312,68.50,226.00,0
14832,3.312,68.30,226.00,0
14842,3.312,68.20,226.00,0
14852,3.312,68.20,226.00,0
14862,3.312,68.40,226.00,0
14872,3.312,68.20,226.00,0
14882,3.312,68.30,226.00,0
14892,3.312,68.30,226.00,0
14902,3.312,68.30,226.00,0
14912,3.312,68.30,226.00,0
14922,3.312,68.30,226.00,0
14932,3.312,68.40,226.00,0
14942,3.312,68.30,226.00,0
14952,3.312,68.20,226.00,0
14962,3.312,68.20,226.00,0
14972,3.312,68.20,226.00,0
14982,3.312,68.30,226.00,0
14992,3.312,68.20,226.00,0
15002,3.312,68.10,226.00,0
15012,3.312,68.30,226.00,0
15022,3.312,68.20,226.00,0
15032,3.312,68.30,226.00,0
15042,3.308,68.20,226.00,0
15052,3.308,68.20,226.00,0
15063,3.312,68.30,226.00,0
15073,3.312,68.30,226.00,0
15083,3.308,68.20,224.00,0
15093,3.308,68.20,226.00,0
15103,3.312,68.20,226.00,0
15113,3.312,68.30,226.00,0
15123,3.312,68.30,226.00,0
15133,3.312,68.20,226.00,0
15145,3.312,68.20,226.00,0
15155,3.312,68.20,226.00,0
15165,3.312,68.10,226.00,0
15175,3.312,68.10,226.00,0
15185,3.312,68.20,226.00,0
15195,3.312,68.20,226.00,0
15205,3.312,68.30,226.00,0
15215,3.312,68.20,226.00,0
15225,3.308,68.10,226.00,0
15235,3.308,68.20,226.00,0
15245,3.308,68.30,226.00,0
15255,3.312,68.20,226.00,0
15265,3.308,68.20,226.00,0
15275,3.308,68.20,226.00,0
15285,3.312,68.20,224.00,0
15295,3.308,68.20,226.00,0
15305,3.308,68.10,224.00,0
15315,3.308,68.20,226.00,0
15325,3.312,68.20,226.00,0
15335,3.312,68.20,226.00,0
15345,3.312,68.20,226.00,0
15355,3.312,68.20,226.00,0
15365,3.312,68.20,226.00,0
15375,3.312,68.20,226.00,0
15385,3.312,68.10,226.00,0
15395,3.312,68.20,226.00,0
15405,3.312,68.30,226.00,0
15415,3.308,68.10,226.00,0
15425,3.312,68.20,226.00,0
15436,3.312,68.20,226.00,0
15446,3.308,68.20,226.00,0
15456,3.312,68.30,226.00,0
15467,3.308,68.30,224.00,0
15477,3.308,68.10,224.00,0
15487,3.308,68.20,226.00,0
15497,3.308,68.20,226.00,0
15507,3.308,68.20,226.00,0
15517,3.312,68.20,226.00,0
15527,3.308,68.20,226.00,0
15537,3.312,68.30,226.00,0
15547,3.308,68.20,224.00,0
15557,3.308,68.20,226.00,0
15567,3.312,68.10,224.00,0
15577,3.312,68.10,226.00,0
15587,3.308,68.20,226.00,0
15597,3.312,68.20,226.00,0
15607,3.312,68.10,226.00,0
15617,3.308,68.20,226.00,0
15627,3.312,68.10,226.00,0
15637,3.312,68.20,226.00,0
15647,3.312,68.30,226.00,0
15657,3.312,68.20,226.00,0
15667,3.308,68.30,226.00,0
15677,3.308,68.10,226.00,0
15687,3.312,68.30,226.00,0
15697,3.312,68.20,226.00,0
15707,3.312,68.30,226.00,0
15717,3.312,68.20,226.00,0
15727,3.316,68.10,226.00,0
15737,3.308,68.20,226.00,0
15747,3.308,68.10,226.00,0
15757,3.308,68.20,224.00,0
15767,3.308,68.20,226.00,0
15777,3.308,68.20,226.00,0
15787,3.308,68.20,226.00,0
15797,3.308,68.20,226.00,0
15807,3.308,68.10,226.00,0
15817,3.312,68.20,226.00,0
15827,3.312,68.20,226.00,0
15837,3.312,68.20,226.00,0
15847,3.308,68.20,226.00,0
15857,3.308,68.30,226.00,0
15868,3.312,68.20,226.00,0
15878,3.308,68.30,226.00,0
15888,3.308,68.20,226.00,0
15898,3.308,68.20,226.00,0
15908,3.308,68.20,226.00,0
15918,3.308,68.10,226.00,0
15928,3.308,68.20,226.00,0
15938,3.308,68.20,226.00,0
15948,3.312,68.30,226.00,0
15958,3.312,68.20,226.00,0
15968,3.312,68.20,226.00,0
15978,3.312,68.20,226.00,0
15988,3.312,68.20,226.00,0
15998,3.312,68.30,226.00,0
16008,3.312,68.20,226.00,0
16018,3.312,68.20,226.00,0
16028,3.312,68.30,226.00,0
16038,3.312,68.20,226.00,0
16048,3.312,68.20,226.00,0
16058,3.308,68.20,226.00,0
16068,3.308,68.30,226.00,0
